"analysis","group","time","surv"
"unweighted","I",0,1
"unweighted","I",0.05,1
"unweighted","I",0.1,1
"unweighted","I",0.15,1
"unweighted","I",0.2,1
"unweighted","I",0.25,1
"unweighted","I",0.3,1
"unweighted","I",0.35,1
"unweighted","I",0.4,1
"unweighted","I",0.45,1
"unweighted","I",0.5,1
"unweighted","I",0.55,1
"unweighted","I",0.6,1
"unweighted","I",0.65,1
"unweighted","I",0.7,1
"unweighted","I",0.75,1
"unweighted","I",0.8,1
"unweighted","I",0.85,1
"unweighted","I",0.9,1
"unweighted","I",0.95,1
"unweighted","I",1,1
"unweighted","I",1.05,1
"unweighted","I",1.1,1
"unweighted","I",1.15,1
"unweighted","I",1.2,1
"unweighted","I",1.25,1
"unweighted","I",1.3,1
"unweighted","I",1.35,1
"unweighted","I",1.4,1
"unweighted","I",1.45,1
"unweighted","I",1.5,1
"unweighted","I",1.55,1
"unweighted","I",1.6,1
"unweighted","I",1.65,1
"unweighted","I",1.7,0.997041420118343
"unweighted","I",1.75,0.997041420118343
"unweighted","I",1.8,0.997041420118343
"unweighted","I",1.85,0.997041420118343
"unweighted","I",1.9,0.997041420118343
"unweighted","I",1.95,0.997041420118343
"unweighted","I",2,0.997041420118343
"unweighted","I",2.05,0.997041420118343
"unweighted","I",2.1,0.997041420118343
"unweighted","I",2.15,0.997041420118343
"unweighted","I",2.2,0.997041420118343
"unweighted","I",2.25,0.997041420118343
"unweighted","I",2.3,0.997041420118343
"unweighted","I",2.35,0.997041420118343
"unweighted","I",2.4,0.997041420118343
"unweighted","I",2.45,0.997041420118343
"unweighted","I",2.5,0.997041420118343
"unweighted","I",2.55,0.997041420118343
"unweighted","I",2.6,0.997041420118343
"unweighted","I",2.65,0.997041420118343
"unweighted","I",2.7,0.997041420118343
"unweighted","I",2.75,0.997041420118343
"unweighted","I",2.8,0.997041420118343
"unweighted","I",2.85,0.997041420118343
"unweighted","I",2.9,0.997041420118343
"unweighted","I",2.95,0.997041420118343
"unweighted","I",3,0.997041420118343
"unweighted","I",3.05,0.997041420118343
"unweighted","I",3.1,0.997041420118343
"unweighted","I",3.15,0.997041420118343
"unweighted","I",3.2,0.997041420118343
"unweighted","I",3.25,0.997041420118343
"unweighted","I",3.3,0.997041420118343
"unweighted","I",3.35,0.997041420118343
"unweighted","I",3.4,0.997041420118343
"unweighted","I",3.45,0.997041420118343
"unweighted","I",3.5,0.997041420118343
"unweighted","I",3.55,0.997041420118343
"unweighted","I",3.6,0.997041420118343
"unweighted","I",3.65,0.997041420118343
"unweighted","I",3.7,0.997041420118343
"unweighted","I",3.75,0.993321116311932
"unweighted","I",3.8,0.993321116311932
"unweighted","I",3.85,0.993321116311932
"unweighted","I",3.9,0.993321116311932
"unweighted","I",3.95,0.993321116311932
"unweighted","I",4,0.993321116311932
"unweighted","I",4.05,0.993321116311932
"unweighted","I",4.1,0.993321116311932
"unweighted","I",4.15,0.993321116311932
"unweighted","I",4.2,0.993321116311932
"unweighted","I",4.25,0.993321116311932
"unweighted","I",4.3,0.993321116311932
"unweighted","I",4.35,0.993321116311932
"unweighted","I",4.4,0.993321116311932
"unweighted","I",4.45,0.993321116311932
"unweighted","I",4.5,0.993321116311932
"unweighted","I",4.55,0.993321116311932
"unweighted","I",4.6,0.993321116311932
"unweighted","I",4.65,0.993321116311932
"unweighted","I",4.7,0.993321116311932
"unweighted","I",4.75,0.993321116311932
"unweighted","I",4.8,0.993321116311932
"unweighted","I",4.85,0.993321116311932
"unweighted","I",4.9,0.993321116311932
"unweighted","I",4.95,0.993321116311932
"unweighted","I",5,0.993321116311932
"unweighted","I",5.05,0.993321116311932
"unweighted","I",5.1,0.993321116311932
"unweighted","I",5.15,0.993321116311932
"unweighted","I",5.2,0.993321116311932
"unweighted","I",5.25,0.993321116311932
"unweighted","I",5.3,0.993321116311932
"unweighted","I",5.35,0.993321116311932
"unweighted","I",5.4,0.993321116311932
"unweighted","I",5.45,0.993321116311932
"unweighted","I",5.5,0.993321116311932
"unweighted","I",5.55,0.993321116311932
"unweighted","I",5.6,0.993321116311932
"unweighted","I",5.65,0.993321116311932
"unweighted","I",5.7,0.993321116311932
"unweighted","I",5.75,0.993321116311932
"unweighted","I",5.8,0.993321116311932
"unweighted","I",5.85,0.993321116311932
"unweighted","I",5.9,0.993321116311932
"unweighted","I",5.95,0.993321116311932
"unweighted","I",6,0.993321116311932
"unweighted","I",6.05,0.993321116311932
"unweighted","I",6.1,0.993321116311932
"unweighted","I",6.15,0.993321116311932
"unweighted","I",6.2,0.993321116311932
"unweighted","I",6.25,0.993321116311932
"unweighted","I",6.3,0.993321116311932
"unweighted","I",6.35,0.993321116311932
"unweighted","I",6.4,0.993321116311932
"unweighted","I",6.45,0.993321116311932
"unweighted","I",6.5,0.987709132603955
"unweighted","I",6.55,0.987709132603955
"unweighted","I",6.6,0.987709132603955
"unweighted","I",6.65,0.987709132603955
"unweighted","I",6.7,0.987709132603955
"unweighted","I",6.75,0.987709132603955
"unweighted","I",6.8,0.987709132603955
"unweighted","I",6.85,0.987709132603955
"unweighted","I",6.9,0.987709132603955
"unweighted","I",6.95,0.987709132603955
"unweighted","I",7,0.981497125480659
"unweighted","I",7.05,0.981497125480659
"unweighted","I",7.1,0.981497125480659
"unweighted","I",7.15,0.981497125480659
"unweighted","I",7.2,0.981497125480659
"unweighted","I",7.25,0.981497125480659
"unweighted","I",7.3,0.981497125480659
"unweighted","I",7.35,0.981497125480659
"unweighted","I",7.4,0.981497125480659
"unweighted","I",7.45,0.981497125480659
"unweighted","I",7.5,0.981497125480659
"unweighted","I",7.55,0.981497125480659
"unweighted","I",7.6,0.981497125480659
"unweighted","I",7.65,0.981497125480659
"unweighted","I",7.7,0.981497125480659
"unweighted","I",7.75,0.981497125480659
"unweighted","I",7.8,0.981497125480659
"unweighted","I",7.85,0.981497125480659
"unweighted","I",7.9,0.981497125480659
"unweighted","I",7.95,0.981497125480659
"unweighted","I",8,0.981497125480659
"unweighted","I",8.05,0.981497125480659
"unweighted","I",8.1,0.981497125480659
"unweighted","I",8.15,0.981497125480659
"unweighted","I",8.2,0.981497125480659
"unweighted","I",8.25,0.981497125480659
"unweighted","I",8.3,0.981497125480659
"unweighted","I",8.35,0.981497125480659
"unweighted","I",8.4,0.981497125480659
"unweighted","I",8.45,0.981497125480659
"unweighted","I",8.5,0.981497125480659
"unweighted","I",8.55,0.981497125480659
"unweighted","I",8.6,0.981497125480659
"unweighted","I",8.65,0.981497125480659
"unweighted","I",8.7,0.981497125480659
"unweighted","I",8.75,0.981497125480659
"unweighted","I",8.8,0.981497125480659
"unweighted","I",8.85,0.981497125480659
"unweighted","I",8.9,0.981497125480659
"unweighted","I",8.95,0.981497125480659
"unweighted","I",9,0.981497125480659
"unweighted","I",9.05,0.981497125480659
"unweighted","I",9.1,0.981497125480659
"unweighted","I",9.15,0.981497125480659
"unweighted","I",9.2,0.981497125480659
"unweighted","I",9.25,0.981497125480659
"unweighted","I",9.3,0.981497125480659
"unweighted","I",9.35,0.981497125480659
"unweighted","I",9.4,0.981497125480659
"unweighted","I",9.45,0.981497125480659
"unweighted","I",9.5,0.981497125480659
"unweighted","I",9.55,0.981497125480659
"unweighted","I",9.6,0.981497125480659
"unweighted","I",9.65,0.981497125480659
"unweighted","I",9.7,0.981497125480659
"unweighted","I",9.75,0.981497125480659
"unweighted","I",9.8,0.981497125480659
"unweighted","I",9.85,0.981497125480659
"unweighted","I",9.9,0.981497125480659
"unweighted","I",9.95,0.981497125480659
"unweighted","I",10,0.981497125480659
"unweighted","I",10.05,0.981497125480659
"unweighted","I",10.1,0.981497125480659
"unweighted","I",10.15,0.981497125480659
"unweighted","I",10.2,0.981497125480659
"unweighted","I",10.25,0.981497125480659
"unweighted","I",10.3,0.981497125480659
"unweighted","I",10.35,0.981497125480659
"unweighted","I",10.4,0.981497125480659
"unweighted","I",10.45,0.981497125480659
"unweighted","I",10.5,0.981497125480659
"unweighted","I",10.55,0.981497125480659
"unweighted","I",10.6,0.981497125480659
"unweighted","I",10.65,0.981497125480659
"unweighted","I",10.7,0.981497125480659
"unweighted","I",10.75,0.981497125480659
"unweighted","I",10.8,0.981497125480659
"unweighted","I",10.85,0.981497125480659
"unweighted","I",10.9,0.981497125480659
"unweighted","I",10.95,0.981497125480659
"unweighted","I",11,0.981497125480659
"unweighted","I",11.05,0.981497125480659
"unweighted","I",11.1,0.981497125480659
"unweighted","I",11.15,0.981497125480659
"unweighted","I",11.2,0.981497125480659
"unweighted","I",11.25,0.981497125480659
"unweighted","I",11.3,0.981497125480659
"unweighted","I",11.35,0.981497125480659
"unweighted","I",11.4,0.981497125480659
"unweighted","I",11.45,0.981497125480659
"unweighted","I",11.5,0.981497125480659
"unweighted","I",11.55,0.981497125480659
"unweighted","I",11.6,0.981497125480659
"unweighted","I",11.65,0.981497125480659
"unweighted","I",11.7,0.981497125480659
"unweighted","I",11.75,0.981497125480659
"unweighted","I",11.8,0.981497125480659
"unweighted","I",11.85,0.981497125480659
"unweighted","I",11.9,0.981497125480659
"unweighted","I",11.95,0.981497125480659
"unweighted","I",12,0.981497125480659
"weighted","I",0,1
"weighted","I",0.05,1
"weighted","I",0.1,1
"weighted","I",0.15,1
"weighted","I",0.2,1
"weighted","I",0.25,1
"weighted","I",0.3,1
"weighted","I",0.35,1
"weighted","I",0.4,1
"weighted","I",0.45,1
"weighted","I",0.5,1
"weighted","I",0.55,1
"weighted","I",0.6,1
"weighted","I",0.65,1
"weighted","I",0.7,1
"weighted","I",0.75,1
"weighted","I",0.8,1
"weighted","I",0.85,1
"weighted","I",0.9,1
"weighted","I",0.95,1
"weighted","I",1,1
"weighted","I",1.05,1
"weighted","I",1.1,1
"weighted","I",1.15,1
"weighted","I",1.2,1
"weighted","I",1.25,1
"weighted","I",1.3,1
"weighted","I",1.35,1
"weighted","I",1.4,1
"weighted","I",1.45,1
"weighted","I",1.5,1
"weighted","I",1.55,1
"weighted","I",1.6,1
"weighted","I",1.65,1
"weighted","I",1.7,0.990231892828693
"weighted","I",1.75,0.990231892828693
"weighted","I",1.8,0.990231892828693
"weighted","I",1.85,0.990231892828693
"weighted","I",1.9,0.990231892828693
"weighted","I",1.95,0.990231892828693
"weighted","I",2,0.990231892828693
"weighted","I",2.05,0.990231892828693
"weighted","I",2.1,0.990231892828693
"weighted","I",2.15,0.990231892828693
"weighted","I",2.2,0.990231892828693
"weighted","I",2.25,0.990231892828693
"weighted","I",2.3,0.990231892828693
"weighted","I",2.35,0.990231892828693
"weighted","I",2.4,0.990231892828693
"weighted","I",2.45,0.990231892828693
"weighted","I",2.5,0.990231892828693
"weighted","I",2.55,0.990231892828693
"weighted","I",2.6,0.990231892828693
"weighted","I",2.65,0.990231892828693
"weighted","I",2.7,0.990231892828693
"weighted","I",2.75,0.990231892828693
"weighted","I",2.8,0.990231892828693
"weighted","I",2.85,0.990231892828693
"weighted","I",2.9,0.990231892828693
"weighted","I",2.95,0.990231892828693
"weighted","I",3,0.990231892828693
"weighted","I",3.05,0.990231892828693
"weighted","I",3.1,0.990231892828693
"weighted","I",3.15,0.990231892828693
"weighted","I",3.2,0.990231892828693
"weighted","I",3.25,0.990231892828693
"weighted","I",3.3,0.990231892828693
"weighted","I",3.35,0.990231892828693
"weighted","I",3.4,0.990231892828693
"weighted","I",3.45,0.990231892828693
"weighted","I",3.5,0.990231892828693
"weighted","I",3.55,0.990231892828693
"weighted","I",3.6,0.990231892828693
"weighted","I",3.65,0.990231892828693
"weighted","I",3.7,0.990231892828693
"weighted","I",3.75,0.98796767640319
"weighted","I",3.8,0.98796767640319
"weighted","I",3.85,0.98796767640319
"weighted","I",3.9,0.98796767640319
"weighted","I",3.95,0.98796767640319
"weighted","I",4,0.98796767640319
"weighted","I",4.05,0.98796767640319
"weighted","I",4.1,0.98796767640319
"weighted","I",4.15,0.98796767640319
"weighted","I",4.2,0.98796767640319
"weighted","I",4.25,0.98796767640319
"weighted","I",4.3,0.98796767640319
"weighted","I",4.35,0.98796767640319
"weighted","I",4.4,0.98796767640319
"weighted","I",4.45,0.98796767640319
"weighted","I",4.5,0.98796767640319
"weighted","I",4.55,0.98796767640319
"weighted","I",4.6,0.98796767640319
"weighted","I",4.65,0.98796767640319
"weighted","I",4.7,0.98796767640319
"weighted","I",4.75,0.98796767640319
"weighted","I",4.8,0.98796767640319
"weighted","I",4.85,0.98796767640319
"weighted","I",4.9,0.98796767640319
"weighted","I",4.95,0.98796767640319
"weighted","I",5,0.98796767640319
"weighted","I",5.05,0.98796767640319
"weighted","I",5.1,0.98796767640319
"weighted","I",5.15,0.98796767640319
"weighted","I",5.2,0.98796767640319
"weighted","I",5.25,0.98796767640319
"weighted","I",5.3,0.98796767640319
"weighted","I",5.35,0.98796767640319
"weighted","I",5.4,0.98796767640319
"weighted","I",5.45,0.98796767640319
"weighted","I",5.5,0.98796767640319
"weighted","I",5.55,0.98796767640319
"weighted","I",5.6,0.98796767640319
"weighted","I",5.65,0.98796767640319
"weighted","I",5.7,0.98796767640319
"weighted","I",5.75,0.98796767640319
"weighted","I",5.8,0.98796767640319
"weighted","I",5.85,0.98796767640319
"weighted","I",5.9,0.98796767640319
"weighted","I",5.95,0.98796767640319
"weighted","I",6,0.98796767640319
"weighted","I",6.05,0.98796767640319
"weighted","I",6.1,0.98796767640319
"weighted","I",6.15,0.98796767640319
"weighted","I",6.2,0.98796767640319
"weighted","I",6.25,0.98796767640319
"weighted","I",6.3,0.98796767640319
"weighted","I",6.35,0.98796767640319
"weighted","I",6.4,0.98796767640319
"weighted","I",6.45,0.98796767640319
"weighted","I",6.5,0.986829486019438
"weighted","I",6.55,0.986829486019438
"weighted","I",6.6,0.986829486019438
"weighted","I",6.65,0.986829486019438
"weighted","I",6.7,0.986829486019438
"weighted","I",6.75,0.986829486019438
"weighted","I",6.8,0.986829486019438
"weighted","I",6.85,0.986829486019438
"weighted","I",6.9,0.986829486019438
"weighted","I",6.95,0.986829486019438
"weighted","I",7,0.98450243867354
"weighted","I",7.05,0.98450243867354
"weighted","I",7.1,0.98450243867354
"weighted","I",7.15,0.98450243867354
"weighted","I",7.2,0.98450243867354
"weighted","I",7.25,0.98450243867354
"weighted","I",7.3,0.98450243867354
"weighted","I",7.35,0.98450243867354
"weighted","I",7.4,0.98450243867354
"weighted","I",7.45,0.98450243867354
"weighted","I",7.5,0.98450243867354
"weighted","I",7.55,0.98450243867354
"weighted","I",7.6,0.98450243867354
"weighted","I",7.65,0.98450243867354
"weighted","I",7.7,0.98450243867354
"weighted","I",7.75,0.98450243867354
"weighted","I",7.8,0.98450243867354
"weighted","I",7.85,0.98450243867354
"weighted","I",7.9,0.98450243867354
"weighted","I",7.95,0.98450243867354
"weighted","I",8,0.98450243867354
"weighted","I",8.05,0.98450243867354
"weighted","I",8.1,0.98450243867354
"weighted","I",8.15,0.98450243867354
"weighted","I",8.2,0.98450243867354
"weighted","I",8.25,0.98450243867354
"weighted","I",8.3,0.98450243867354
"weighted","I",8.35,0.98450243867354
"weighted","I",8.4,0.98450243867354
"weighted","I",8.45,0.98450243867354
"weighted","I",8.5,0.98450243867354
"weighted","I",8.55,0.98450243867354
"weighted","I",8.6,0.98450243867354
"weighted","I",8.65,0.98450243867354
"weighted","I",8.7,0.98450243867354
"weighted","I",8.75,0.98450243867354
"weighted","I",8.8,0.98450243867354
"weighted","I",8.85,0.98450243867354
"weighted","I",8.9,0.98450243867354
"weighted","I",8.95,0.98450243867354
"weighted","I",9,0.98450243867354
"weighted","I",9.05,0.98450243867354
"weighted","I",9.1,0.98450243867354
"weighted","I",9.15,0.98450243867354
"weighted","I",9.2,0.98450243867354
"weighted","I",9.25,0.98450243867354
"weighted","I",9.3,0.98450243867354
"weighted","I",9.35,0.98450243867354
"weighted","I",9.4,0.98450243867354
"weighted","I",9.45,0.98450243867354
"weighted","I",9.5,0.98450243867354
"weighted","I",9.55,0.98450243867354
"weighted","I",9.6,0.98450243867354
"weighted","I",9.65,0.98450243867354
"weighted","I",9.7,0.98450243867354
"weighted","I",9.75,0.98450243867354
"weighted","I",9.8,0.98450243867354
"weighted","I",9.85,0.98450243867354
"weighted","I",9.9,0.98450243867354
"weighted","I",9.95,0.98450243867354
"weighted","I",10,0.98450243867354
"weighted","I",10.05,0.98450243867354
"weighted","I",10.1,0.98450243867354
"weighted","I",10.15,0.98450243867354
"weighted","I",10.2,0.98450243867354
"weighted","I",10.25,0.98450243867354
"weighted","I",10.3,0.98450243867354
"weighted","I",10.35,0.98450243867354
"weighted","I",10.4,0.98450243867354
"weighted","I",10.45,0.98450243867354
"weighted","I",10.5,0.98450243867354
"weighted","I",10.55,0.98450243867354
"weighted","I",10.6,0.98450243867354
"weighted","I",10.65,0.98450243867354
"weighted","I",10.7,0.98450243867354
"weighted","I",10.75,0.98450243867354
"weighted","I",10.8,0.98450243867354
"weighted","I",10.85,0.98450243867354
"weighted","I",10.9,0.98450243867354
"weighted","I",10.95,0.98450243867354
"weighted","I",11,0.98450243867354
"weighted","I",11.05,0.98450243867354
"weighted","I",11.1,0.98450243867354
"weighted","I",11.15,0.98450243867354
"weighted","I",11.2,0.98450243867354
"weighted","I",11.25,0.98450243867354
"weighted","I",11.3,0.98450243867354
"weighted","I",11.35,0.98450243867354
"weighted","I",11.4,0.98450243867354
"weighted","I",11.45,0.98450243867354
"weighted","I",11.5,0.98450243867354
"weighted","I",11.55,0.98450243867354
"weighted","I",11.6,0.98450243867354
"weighted","I",11.65,0.98450243867354
"weighted","I",11.7,0.98450243867354
"weighted","I",11.75,0.98450243867354
"weighted","I",11.8,0.98450243867354
"weighted","I",11.85,0.98450243867354
"weighted","I",11.9,0.98450243867354
"weighted","I",11.95,0.98450243867354
"weighted","I",12,0.98450243867354
"unweighted","II",0,0.999765533411489
"unweighted","II",0.05,0.999765533411489
"unweighted","II",0.1,0.999765533411489
"unweighted","II",0.15,0.999765533411489
"unweighted","II",0.2,0.999062133645956
"unweighted","II",0.25,0.998593200468933
"unweighted","II",0.3,0.998593200468933
"unweighted","II",0.35,0.998358733880422
"unweighted","II",0.4,0.998358733880422
"unweighted","II",0.45,0.998124267291911
"unweighted","II",0.5,0.997186400937866
"unweighted","II",0.55,0.997186400937866
"unweighted","II",0.6,0.996717467760844
"unweighted","II",0.65,0.996717467760844
"unweighted","II",0.7,0.996483001172333
"unweighted","II",0.75,0.995545134818288
"unweighted","II",0.8,0.995545134818288
"unweighted","II",0.85,0.994372801875733
"unweighted","II",0.9,0.994372801875733
"unweighted","II",0.95,0.993434935521688
"unweighted","II",1,0.993200413582235
"unweighted","II",1.05,0.993200413582235
"unweighted","II",1.1,0.992259660171312
"unweighted","II",1.15,0.992259660171312
"unweighted","II",1.2,0.991077835897644
"unweighted","II",1.25,0.990839996244201
"unweighted","II",1.3,0.990839996244201
"unweighted","II",1.35,0.990839996244201
"unweighted","II",1.4,0.990839996244201
"unweighted","II",1.45,0.990354647237959
"unweighted","II",1.5,0.989618871125597
"unweighted","II",1.55,0.989618871125597
"unweighted","II",1.6,0.987887038101128
"unweighted","II",1.65,0.987887038101128
"unweighted","II",1.7,0.98738873442491
"unweighted","II",1.75,0.98738873442491
"unweighted","II",1.8,0.98738873442491
"unweighted","II",1.85,0.986883805386595
"unweighted","II",1.9,0.986883805386595
"unweighted","II",1.95,0.985865086619745
"unweighted","II",2,0.98535294891241
"unweighted","II",2.05,0.98535294891241
"unweighted","II",2.1,0.984836922230602
"unweighted","II",2.15,0.984836922230602
"unweighted","II",2.2,0.984056544320752
"unweighted","II",2.25,0.983269928378049
"unweighted","II",2.3,0.983269928378049
"unweighted","II",2.35,0.983004824595796
"unweighted","II",2.4,0.983004824595796
"unweighted","II",2.45,0.981406009483957
"unweighted","II",2.5,0.978731878667924
"unweighted","II",2.55,0.978731878667924
"unweighted","II",2.6,0.97819322601043
"unweighted","II",2.65,0.97819322601043
"unweighted","II",2.7,0.976286947451946
"unweighted","II",2.75,0.974907231584999
"unweighted","II",2.8,0.974907231584999
"unweighted","II",2.85,0.974349025325861
"unweighted","II",2.9,0.974349025325861
"unweighted","II",2.95,0.972656957553949
"unweighted","II",3,0.970954027368561
"unweighted","II",3.05,0.970954027368561
"unweighted","II",3.1,0.969809034411759
"unweighted","II",3.15,0.969809034411759
"unweighted","II",3.2,0.968652089545177
"unweighted","II",3.25,0.968066270319568
"unweighted","II",3.3,0.968066270319568
"unweighted","II",3.35,0.967176503526995
"unweighted","II",3.4,0.967176503526995
"unweighted","II",3.45,0.965984298283818
"unweighted","II",3.5,0.965384121646177
"unweighted","II",3.55,0.965384121646177
"unweighted","II",3.6,0.963873348372865
"unweighted","II",3.65,0.963873348372865
"unweighted","II",3.7,0.963262528760461
"unweighted","II",3.75,0.963262528760461
"unweighted","II",3.8,0.963262528760461
"unweighted","II",3.85,0.961700819083483
"unweighted","II",3.9,0.961700819083483
"unweighted","II",3.95,0.961700819083483
"unweighted","II",4,0.960748325700435
"unweighted","II",4.05,0.960748325700435
"unweighted","II",4.1,0.960427648689187
"unweighted","II",4.15,0.960427648689187
"unweighted","II",4.2,0.960103070234071
"unweighted","II",4.25,0.959446589502287
"unweighted","II",4.3,0.959446589502287
"unweighted","II",4.35,0.958781922658156
"unweighted","II",4.4,0.958781922658156
"unweighted","II",4.45,0.958110036237232
"unweighted","II",4.5,0.956082290128794
"unweighted","II",4.55,0.956082290128794
"unweighted","II",4.6,0.955059012615277
"unweighted","II",4.65,0.955059012615277
"unweighted","II",4.7,0.954712348726851
"unweighted","II",4.75,0.953663214277701
"unweighted","II",4.8,0.953663214277701
"unweighted","II",4.85,0.952959922821743
"unweighted","II",4.9,0.952959922821743
"unweighted","II",4.95,0.951189280081458
"unweighted","II",5,0.950832361027018
"unweighted","II",5.05,0.950832361027018
"unweighted","II",5.1,0.950109019557998
"unweighted","II",5.15,0.950109019557998
"unweighted","II",5.2,0.949375910746611
"unweighted","II",5.25,0.947896555996713
"unweighted","II",5.3,0.947896555996713
"unweighted","II",5.35,0.947523074296163
"unweighted","II",5.4,0.947523074296163
"unweighted","II",5.45,0.9448858331351
"unweighted","II",5.5,0.944505750338183
"unweighted","II",5.55,0.944505750338183
"unweighted","II",5.6,0.943740348595608
"unweighted","II",5.65,0.943740348595608
"unweighted","II",5.7,0.942576195205071
"unweighted","II",5.75,0.940209895133426
"unweighted","II",5.8,0.940209895133426
"unweighted","II",5.85,0.938615643509631
"unweighted","II",5.9,0.938615643509631
"unweighted","II",5.95,0.936196531026358
"unweighted","II",6,0.934978053979469
"unweighted","II",6.05,0.934978053979469
"unweighted","II",6.1,0.933338460723916
"unweighted","II",6.15,0.933338460723916
"unweighted","II",6.2,0.931259755911613
"unweighted","II",6.25,0.929578022718093
"unweighted","II",6.3,0.929578022718093
"unweighted","II",6.35,0.927034717594378
"unweighted","II",6.4,0.927034717594378
"unweighted","II",6.45,0.926173561330936
"unweighted","II",6.5,0.924873364473663
"unweighted","II",6.55,0.924873364473663
"unweighted","II",6.6,0.923558378647397
"unweighted","II",6.65,0.923558378647397
"unweighted","II",6.7,0.921784862797859
"unweighted","II",6.75,0.921332342001198
"unweighted","II",6.8,0.921332342001198
"unweighted","II",6.85,0.919497932161474
"unweighted","II",6.9,0.919497932161474
"unweighted","II",6.95,0.918100518890712
"unweighted","II",7,0.916214333952056
"unweighted","II",7.05,0.916214333952056
"unweighted","II",7.1,0.915260937142533
"unweighted","II",7.15,0.915260937142533
"unweighted","II",7.2,0.91430204668979
"unweighted","II",7.25,0.912853838590493
"unweighted","II",7.3,0.912853838590493
"unweighted","II",7.35,0.911878046138766
"unweighted","II",7.4,0.911878046138766
"unweighted","II",7.45,0.910892232034832
"unweighted","II",7.5,0.909890150371428
"unweighted","II",7.55,0.909890150371428
"unweighted","II",7.6,0.908875214342012
"unweighted","II",7.65,0.908875214342012
"unweighted","II",7.7,0.908359686710507
"unweighted","II",7.75,0.906283435998026
"unweighted","II",7.8,0.906283435998026
"unweighted","II",7.85,0.904699947175665
"unweighted","II",7.9,0.904699947175665
"unweighted","II",7.95,0.901989641761718
"unweighted","II",8,0.900342673456614
"unweighted","II",8.05,0.900342673456614
"unweighted","II",8.1,0.899227007194586
"unweighted","II",8.15,0.899227007194586
"unweighted","II",8.2,0.898090184176641
"unweighted","II",8.25,0.896342927008982
"unweighted","II",8.3,0.896342927008982
"unweighted","II",8.35,0.895157288216642
"unweighted","II",8.4,0.895157288216642
"unweighted","II",8.45,0.893947616205539
"unweighted","II",8.5,0.892086517767914
"unweighted","II",8.55,0.892086517767914
"unweighted","II",8.6,0.889557569453902
"unweighted","II",8.65,0.889557569453902
"unweighted","II",8.7,0.886329856937741
"unweighted","II",8.75,0.88435877497272
"unweighted","II",8.8,0.88435877497272
"unweighted","II",8.85,0.883021875841998
"unweighted","II",8.9,0.883021875841998
"unweighted","II",8.95,0.881652849677902
"unweighted","II",9,0.880274190022424
"unweighted","II",9.05,0.880274190022424
"unweighted","II",9.1,0.878869123478095
"unweighted","II",9.15,0.878869123478095
"unweighted","II",9.2,0.877436573969573
"unweighted","II",9.25,0.877436573969573
"unweighted","II",9.3,0.877436573969573
"unweighted","II",9.35,0.875926356114204
"unweighted","II",9.4,0.875926356114204
"unweighted","II",9.45,0.875926356114204
"unweighted","II",9.5,0.873561118428927
"unweighted","II",9.55,0.873561118428927
"unweighted","II",9.6,0.872756734341976
"unweighted","II",9.65,0.872756734341976
"unweighted","II",9.7,0.871094340562277
"unweighted","II",9.75,0.870245320737167
"unweighted","II",9.8,0.870245320737167
"unweighted","II",9.85,0.870245320737167
"unweighted","II",9.9,0.870245320737167
"unweighted","II",9.95,0.869342576628519
"unweighted","II",10,0.868411802991871
"unweighted","II",10.05,0.868411802991871
"unweighted","II",10.1,0.867453291068039
"unweighted","II",10.15,0.867453291068039
"unweighted","II",10.2,0.866461915878247
"unweighted","II",10.25,0.866461915878247
"unweighted","II",10.3,0.866461915878247
"unweighted","II",10.35,0.866461915878247
"unweighted","II",10.4,0.866461915878247
"unweighted","II",10.45,0.865314284201587
"unweighted","II",10.5,0.86296925904115
"unweighted","II",10.55,0.86296925904115
"unweighted","II",10.6,0.861777312550761
"unweighted","II",10.65,0.861777312550761
"unweighted","II",10.7,0.859300940962972
"unweighted","II",10.75,0.859300940962972
"unweighted","II",10.8,0.859300940962972
"unweighted","II",10.85,0.857960377872546
"unweighted","II",10.9,0.857960377872546
"unweighted","II",10.95,0.855142774004327
"unweighted","II",11,0.855142774004327
"unweighted","II",11.05,0.855142774004327
"unweighted","II",11.1,0.855142774004327
"unweighted","II",11.15,0.855142774004327
"unweighted","II",11.2,0.853538378555914
"unweighted","II",11.25,0.853538378555914
"unweighted","II",11.3,0.853538378555914
"unweighted","II",11.35,0.853538378555914
"unweighted","II",11.4,0.853538378555914
"unweighted","II",11.45,0.851641626603567
"unweighted","II",11.5,0.851641626603567
"unweighted","II",11.55,0.851641626603567
"unweighted","II",11.6,0.843125210337532
"unweighted","II",11.65,0.843125210337532
"unweighted","II",11.7,0.843125210337532
"unweighted","II",11.75,0.843125210337532
"unweighted","II",11.8,0.843125210337532
"unweighted","II",11.85,0.838076556383415
"unweighted","II",11.9,0.838076556383415
"unweighted","II",11.95,0.8353989955004
"unweighted","II",12,0.8353989955004
"weighted","II",0,0.999969317337731
"weighted","II",0.05,0.999969317337731
"weighted","II",0.1,0.999969317337731
"weighted","II",0.15,0.999969317337731
"weighted","II",0.2,0.998547713538637
"weighted","II",0.25,0.998153958170556
"weighted","II",0.3,0.998153958170556
"weighted","II",0.35,0.997994385312515
"weighted","II",0.4,0.997994385312515
"weighted","II",0.45,0.997903536277308
"weighted","II",0.5,0.99573756534913
"weighted","II",0.55,0.99573756534913
"weighted","II",0.6,0.995240608258873
"weighted","II",0.65,0.995240608258873
"weighted","II",0.7,0.995148817633878
"weighted","II",0.75,0.994733596793818
"weighted","II",0.8,0.994733596793818
"weighted","II",0.85,0.993758863510191
"weighted","II",0.9,0.993758863510191
"weighted","II",0.95,0.993389834753213
"weighted","II",1,0.993324731567408
"weighted","II",1.05,0.993324731567408
"weighted","II",1.1,0.992422798885789
"weighted","II",1.15,0.992422798885789
"weighted","II",1.2,0.991283142760385
"weighted","II",1.25,0.99108177605547
"weighted","II",1.3,0.99108177605547
"weighted","II",1.35,0.99108177605547
"weighted","II",1.4,0.99108177605547
"weighted","II",1.45,0.990771783387175
"weighted","II",1.5,0.990030819372375
"weighted","II",1.55,0.990030819372375
"weighted","II",1.6,0.988519983473575
"weighted","II",1.65,0.988519983473575
"weighted","II",1.7,0.988351027058906
"weighted","II",1.75,0.988351027058906
"weighted","II",1.8,0.988351027058906
"weighted","II",1.85,0.987506325733125
"weighted","II",1.9,0.987506325733125
"weighted","II",1.95,0.986878053300058
"weighted","II",2,0.986576315160284
"weighted","II",2.05,0.986576315160284
"weighted","II",2.1,0.986105545704275
"weighted","II",2.15,0.986105545704275
"weighted","II",2.2,0.985366798208044
"weighted","II",2.25,0.9848915129554
"weighted","II",2.3,0.9848915129554
"weighted","II",2.35,0.984826280000937
"weighted","II",2.4,0.984826280000937
"weighted","II",2.45,0.983293944408334
"weighted","II",2.5,0.980924756080744
"weighted","II",2.55,0.980924756080744
"weighted","II",2.6,0.980635282862349
"weighted","II",2.65,0.980635282862349
"weighted","II",2.7,0.97967702881324
"weighted","II",2.75,0.978780502017641
"weighted","II",2.8,0.978780502017641
"weighted","II",2.85,0.978635706066136
"weighted","II",2.9,0.978635706066136
"weighted","II",2.95,0.977724441983273
"weighted","II",3,0.97677157345903
"weighted","II",3.05,0.97677157345903
"weighted","II",3.1,0.975635092599158
"weighted","II",3.15,0.975635092599158
"weighted","II",3.2,0.974752587331801
"weighted","II",3.25,0.974375739904039
"weighted","II",3.3,0.974375739904039
"weighted","II",3.35,0.973437947878776
"weighted","II",3.4,0.973437947878776
"weighted","II",3.45,0.972532083760622
"weighted","II",3.5,0.971276453630096
"weighted","II",3.55,0.971276453630096
"weighted","II",3.6,0.97063329477485
"weighted","II",3.65,0.97063329477485
"weighted","II",3.7,0.970499442684204
"weighted","II",3.75,0.970499442684204
"weighted","II",3.8,0.970499442684204
"weighted","II",3.85,0.969663233327137
"weighted","II",3.9,0.969663233327137
"weighted","II",3.95,0.969663233327137
"weighted","II",4,0.969004652630286
"weighted","II",4.05,0.969004652630286
"weighted","II",4.1,0.968887658615606
"weighted","II",4.15,0.968887658615606
"weighted","II",4.2,0.968657209468859
"weighted","II",4.25,0.967291898165433
"weighted","II",4.3,0.967291898165433
"weighted","II",4.35,0.966760241703183
"weighted","II",4.4,0.966760241703183
"weighted","II",4.45,0.96619075111517
"weighted","II",4.5,0.96467838771886
"weighted","II",4.55,0.96467838771886
"weighted","II",4.6,0.964238874813661
"weighted","II",4.65,0.964238874813661
"weighted","II",4.7,0.964140706476223
"weighted","II",4.75,0.963847002241604
"weighted","II",4.8,0.963847002241604
"weighted","II",4.85,0.963492748068062
"weighted","II",4.9,0.963492748068062
"weighted","II",4.95,0.961576280971379
"weighted","II",5,0.961339300255518
"weighted","II",5.05,0.961339300255518
"weighted","II",5.1,0.960582201067925
"weighted","II",5.15,0.960582201067925
"weighted","II",5.2,0.960186756163478
"weighted","II",5.25,0.959469322030381
"weighted","II",5.3,0.959469322030381
"weighted","II",5.35,0.959190835902078
"weighted","II",5.4,0.959190835902078
"weighted","II",5.45,0.95694969821519
"weighted","II",5.5,0.956677572338272
"weighted","II",5.55,0.956677572338272
"weighted","II",5.6,0.956503650102519
"weighted","II",5.65,0.956503650102519
"weighted","II",5.7,0.955173020101372
"weighted","II",5.75,0.953633119624292
"weighted","II",5.8,0.953633119624292
"weighted","II",5.85,0.952170083058282
"weighted","II",5.9,0.952170083058282
"weighted","II",5.95,0.950374995353161
"weighted","II",6,0.948805982686858
"weighted","II",6.05,0.948805982686858
"weighted","II",6.1,0.947595471278274
"weighted","II",6.15,0.947595471278274
"weighted","II",6.2,0.945786209303775
"weighted","II",6.25,0.944293944132367
"weighted","II",6.3,0.944293944132367
"weighted","II",6.35,0.940823700176177
"weighted","II",6.4,0.940823700176177
"weighted","II",6.45,0.939809915769379
"weighted","II",6.5,0.939217781540695
"weighted","II",6.55,0.939217781540695
"weighted","II",6.6,0.93820627681701
"weighted","II",6.65,0.93820627681701
"weighted","II",6.7,0.936875598930628
"weighted","II",6.75,0.936626503691081
"weighted","II",6.8,0.936626503691081
"weighted","II",6.85,0.935443908607664
"weighted","II",6.9,0.935443908607664
"weighted","II",6.95,0.934580374819762
"weighted","II",7,0.932422282417547
"weighted","II",7.05,0.932422282417547
"weighted","II",7.1,0.931836424955865
"weighted","II",7.15,0.931836424955865
"weighted","II",7.2,0.931271806096888
"weighted","II",7.25,0.930219127633249
"weighted","II",7.3,0.930219127633249
"weighted","II",7.35,0.929187411504799
"weighted","II",7.4,0.929187411504799
"weighted","II",7.45,0.928460218979632
"weighted","II",7.5,0.927585644469262
"weighted","II",7.55,0.927585644469262
"weighted","II",7.6,0.927098022045285
"weighted","II",7.65,0.927098022045285
"weighted","II",7.7,0.926462793655793
"weighted","II",7.75,0.925499111612068
"weighted","II",7.8,0.925499111612068
"weighted","II",7.85,0.924907591916626
"weighted","II",7.9,0.924907591916626
"weighted","II",7.95,0.921911871574376
"weighted","II",8,0.920075342408878
"weighted","II",8.05,0.920075342408878
"weighted","II",8.1,0.919544421574632
"weighted","II",8.15,0.919544421574632
"weighted","II",8.2,0.918315708769864
"weighted","II",8.25,0.917430865259428
"weighted","II",8.3,0.917430865259428
"weighted","II",8.35,0.916724998103809
"weighted","II",8.4,0.916724998103809
"weighted","II",8.45,0.914810241024625
"weighted","II",8.5,0.913009629461156
"weighted","II",8.55,0.913009629461156
"weighted","II",8.6,0.911552656872656
"weighted","II",8.65,0.911552656872656
"weighted","II",8.7,0.909843981528346
"weighted","II",8.75,0.908722142140475
"weighted","II",8.8,0.908722142140475
"weighted","II",8.85,0.907531512712591
"weighted","II",8.9,0.907531512712591
"weighted","II",8.95,0.906788137838643
"weighted","II",9,0.905974328033745
"weighted","II",9.05,0.905974328033745
"weighted","II",9.1,0.905104667892472
"weighted","II",9.15,0.905104667892472
"weighted","II",9.2,0.904597509130234
"weighted","II",9.25,0.904597509130234
"weighted","II",9.3,0.904597509130234
"weighted","II",9.35,0.903830738153077
"weighted","II",9.4,0.903830738153077
"weighted","II",9.45,0.903830738153077
"weighted","II",9.5,0.901920825854647
"weighted","II",9.55,0.901920825854647
"weighted","II",9.6,0.901173187648243
"weighted","II",9.65,0.901173187648243
"weighted","II",9.7,0.898918665367837
"weighted","II",9.75,0.898191021891362
"weighted","II",9.8,0.898191021891362
"weighted","II",9.85,0.898191021891362
"weighted","II",9.9,0.898191021891362
"weighted","II",9.95,0.897585079254361
"weighted","II",10,0.897405155851076
"weighted","II",10.05,0.897405155851076
"weighted","II",10.1,0.897130666421135
"weighted","II",10.15,0.897130666421135
"weighted","II",10.2,0.896556847859127
"weighted","II",10.25,0.896556847859127
"weighted","II",10.3,0.896556847859127
"weighted","II",10.35,0.896556847859127
"weighted","II",10.4,0.896556847859127
"weighted","II",10.45,0.89456777465745
"weighted","II",10.5,0.893094629638789
"weighted","II",10.55,0.893094629638789
"weighted","II",10.6,0.891783879862989
"weighted","II",10.65,0.891783879862989
"weighted","II",10.7,0.889452046547892
"weighted","II",10.75,0.889452046547892
"weighted","II",10.8,0.889452046547892
"weighted","II",10.85,0.888043832700759
"weighted","II",10.9,0.888043832700759
"weighted","II",10.95,0.884407607833771
"weighted","II",11,0.884407607833771
"weighted","II",11.05,0.884407607833771
"weighted","II",11.1,0.884407607833771
"weighted","II",11.15,0.884407607833771
"weighted","II",11.2,0.883340564268445
"weighted","II",11.25,0.883340564268445
"weighted","II",11.3,0.883340564268445
"weighted","II",11.35,0.883340564268445
"weighted","II",11.4,0.883340564268445
"weighted","II",11.45,0.882157470761538
"weighted","II",11.5,0.882157470761538
"weighted","II",11.55,0.882157470761538
"weighted","II",11.6,0.874876722678235
"weighted","II",11.65,0.874876722678235
"weighted","II",11.7,0.874876722678235
"weighted","II",11.75,0.874876722678235
"weighted","II",11.8,0.874876722678235
"weighted","II",11.85,0.8718486561195
"weighted","II",11.9,0.8718486561195
"weighted","II",11.95,0.862997671832662
"weighted","II",12,0.862997671832662
"unweighted","III",0,1
"unweighted","III",0.05,1
"unweighted","III",0.1,1
"unweighted","III",0.15,1
"unweighted","III",0.2,1
"unweighted","III",0.25,0.998633879781421
"unweighted","III",0.3,0.998633879781421
"unweighted","III",0.35,0.998633879781421
"unweighted","III",0.4,0.998633879781421
"unweighted","III",0.45,0.997267759562842
"unweighted","III",0.5,0.997267759562842
"unweighted","III",0.55,0.997267759562842
"unweighted","III",0.6,0.997267759562842
"unweighted","III",0.65,0.997267759562842
"unweighted","III",0.7,0.997267759562842
"unweighted","III",0.75,0.997267759562842
"unweighted","III",0.8,0.997267759562842
"unweighted","III",0.85,0.997267759562842
"unweighted","III",0.9,0.997267759562842
"unweighted","III",0.95,0.997267759562842
"unweighted","III",1,0.997267759562842
"unweighted","III",1.05,0.997267759562842
"unweighted","III",1.1,0.9931637770132
"unweighted","III",1.15,0.9931637770132
"unweighted","III",1.2,0.991788203914844
"unweighted","III",1.25,0.991788203914844
"unweighted","III",1.3,0.991788203914844
"unweighted","III",1.35,0.991788203914844
"unweighted","III",1.4,0.991788203914844
"unweighted","III",1.45,0.990397196616226
"unweighted","III",1.5,0.988996351925114
"unweighted","III",1.55,0.988996351925114
"unweighted","III",1.6,0.988996351925114
"unweighted","III",1.65,0.988996351925114
"unweighted","III",1.7,0.986166605567674
"unweighted","III",1.75,0.986166605567674
"unweighted","III",1.8,0.986166605567674
"unweighted","III",1.85,0.983312288330141
"unweighted","III",1.9,0.983312288330141
"unweighted","III",1.95,0.983312288330141
"unweighted","III",2,0.981868364265045
"unweighted","III",2.05,0.981868364265045
"unweighted","III",2.1,0.981868364265045
"unweighted","III",2.15,0.981868364265045
"unweighted","III",2.2,0.981868364265045
"unweighted","III",2.25,0.980413744466134
"unweighted","III",2.3,0.980413744466134
"unweighted","III",2.35,0.978954795441631
"unweighted","III",2.4,0.978954795441631
"unweighted","III",2.45,0.978954795441631
"unweighted","III",2.5,0.977478242205671
"unweighted","III",2.55,0.977478242205671
"unweighted","III",2.6,0.977478242205671
"unweighted","III",2.65,0.977478242205671
"unweighted","III",2.7,0.977478242205671
"unweighted","III",2.75,0.977478242205671
"unweighted","III",2.8,0.977478242205671
"unweighted","III",2.85,0.977478242205671
"unweighted","III",2.9,0.977478242205671
"unweighted","III",2.95,0.977478242205671
"unweighted","III",3,0.975955690426534
"unweighted","III",3.05,0.975955690426534
"unweighted","III",3.1,0.972905828893951
"unweighted","III",3.15,0.972905828893951
"unweighted","III",3.2,0.972905828893951
"unweighted","III",3.25,0.971349179567721
"unweighted","III",3.3,0.971349179567721
"unweighted","III",3.35,0.971349179567721
"unweighted","III",3.4,0.971349179567721
"unweighted","III",3.45,0.969787524938191
"unweighted","III",3.5,0.969787524938191
"unweighted","III",3.55,0.969787524938191
"unweighted","III",3.6,0.966607893708885
"unweighted","III",3.65,0.966607893708885
"unweighted","III",3.7,0.966607893708885
"unweighted","III",3.75,0.966607893708885
"unweighted","III",3.8,0.966607893708885
"unweighted","III",3.85,0.964983342627022
"unweighted","III",3.9,0.964983342627022
"unweighted","III",3.95,0.964983342627022
"unweighted","III",4,0.963342214493302
"unweighted","III",4.05,0.963342214493302
"unweighted","III",4.1,0.960003073368542
"unweighted","III",4.15,0.960003073368542
"unweighted","III",4.2,0.95664054071226
"unweighted","III",4.25,0.954950363078493
"unweighted","III",4.3,0.954950363078493
"unweighted","III",4.35,0.953254181261302
"unweighted","III",4.4,0.953254181261302
"unweighted","III",4.45,0.951551941651907
"unweighted","III",4.5,0.94983743364893
"unweighted","III",4.55,0.94983743364893
"unweighted","III",4.6,0.948113590756646
"unweighted","III",4.65,0.948113590756646
"unweighted","III",4.7,0.948113590756646
"unweighted","III",4.75,0.948113590756646
"unweighted","III",4.8,0.948113590756646
"unweighted","III",4.85,0.948113590756646
"unweighted","III",4.9,0.948113590756646
"unweighted","III",4.95,0.942787109909698
"unweighted","III",5,0.941001528262142
"unweighted","III",5.05,0.941001528262142
"unweighted","III",5.1,0.937409919375645
"unweighted","III",5.15,0.937409919375645
"unweighted","III",5.2,0.937409919375645
"unweighted","III",5.25,0.937409919375645
"unweighted","III",5.3,0.937409919375645
"unweighted","III",5.35,0.937409919375645
"unweighted","III",5.4,0.937409919375645
"unweighted","III",5.45,0.935549979059424
"unweighted","III",5.5,0.93367512940199
"unweighted","III",5.55,0.93367512940199
"unweighted","III",5.6,0.93367512940199
"unweighted","III",5.65,0.93367512940199
"unweighted","III",5.7,0.93367512940199
"unweighted","III",5.75,0.929848591986408
"unweighted","III",5.8,0.929848591986408
"unweighted","III",5.85,0.924108785863035
"unweighted","III",5.9,0.924108785863035
"unweighted","III",5.95,0.924108785863035
"unweighted","III",6,0.924108785863035
"unweighted","III",6.05,0.924108785863035
"unweighted","III",6.1,0.922155067499689
"unweighted","III",6.15,0.922155067499689
"unweighted","III",6.2,0.920188852003954
"unweighted","III",6.25,0.920188852003954
"unweighted","III",6.3,0.920188852003954
"unweighted","III",6.35,0.920188852003954
"unweighted","III",6.4,0.920188852003954
"unweighted","III",6.45,0.920188852003954
"unweighted","III",6.5,0.920188852003954
"unweighted","III",6.55,0.920188852003954
"unweighted","III",6.6,0.91808796421399
"unweighted","III",6.65,0.91808796421399
"unweighted","III",6.7,0.91808796421399
"unweighted","III",6.75,0.91808796421399
"unweighted","III",6.8,0.91808796421399
"unweighted","III",6.85,0.91808796421399
"unweighted","III",6.9,0.91808796421399
"unweighted","III",6.95,0.915912400317749
"unweighted","III",7,0.915912400317749
"unweighted","III",7.05,0.915912400317749
"unweighted","III",7.1,0.915912400317749
"unweighted","III",7.15,0.915912400317749
"unweighted","III",7.2,0.913710687816985
"unweighted","III",7.25,0.911492943429079
"unweighted","III",7.3,0.911492943429079
"unweighted","III",7.35,0.911492943429079
"unweighted","III",7.4,0.911492943429079
"unweighted","III",7.45,0.911492943429079
"unweighted","III",7.5,0.911492943429079
"unweighted","III",7.55,0.911492943429079
"unweighted","III",7.6,0.911492943429079
"unweighted","III",7.65,0.911492943429079
"unweighted","III",7.7,0.911492943429079
"unweighted","III",7.75,0.911492943429079
"unweighted","III",7.8,0.911492943429079
"unweighted","III",7.85,0.909100573498819
"unweighted","III",7.9,0.909100573498819
"unweighted","III",7.95,0.909100573498819
"unweighted","III",8,0.909100573498819
"unweighted","III",8.05,0.909100573498819
"unweighted","III",8.1,0.909100573498819
"unweighted","III",8.15,0.909100573498819
"unweighted","III",8.2,0.906539726812907
"unweighted","III",8.25,0.906539726812907
"unweighted","III",8.3,0.906539726812907
"unweighted","III",8.35,0.903896753848438
"unweighted","III",8.4,0.903896753848438
"unweighted","III",8.45,0.901206584938175
"unweighted","III",8.5,0.898467355196722
"unweighted","III",8.55,0.898467355196722
"unweighted","III",8.6,0.898467355196722
"unweighted","III",8.65,0.898467355196722
"unweighted","III",8.7,0.895633073319129
"unweighted","III",8.75,0.895633073319129
"unweighted","III",8.8,0.895633073319129
"unweighted","III",8.85,0.895633073319129
"unweighted","III",8.9,0.895633073319129
"unweighted","III",8.95,0.89266740089092
"unweighted","III",9,0.89266740089092
"unweighted","III",9.05,0.89266740089092
"unweighted","III",9.1,0.89266740089092
"unweighted","III",9.15,0.89266740089092
"unweighted","III",9.2,0.89266740089092
"unweighted","III",9.25,0.89266740089092
"unweighted","III",9.3,0.89266740089092
"unweighted","III",9.35,0.89266740089092
"unweighted","III",9.4,0.89266740089092
"unweighted","III",9.45,0.89266740089092
"unweighted","III",9.5,0.89266740089092
"unweighted","III",9.55,0.89266740089092
"unweighted","III",9.6,0.89266740089092
"unweighted","III",9.65,0.89266740089092
"unweighted","III",9.7,0.889373425241876
"unweighted","III",9.75,0.889373425241876
"unweighted","III",9.8,0.889373425241876
"unweighted","III",9.85,0.889373425241876
"unweighted","III",9.9,0.889373425241876
"unweighted","III",9.95,0.889373425241876
"unweighted","III",10,0.889373425241876
"unweighted","III",10.05,0.889373425241876
"unweighted","III",10.1,0.885556371914658
"unweighted","III",10.15,0.885556371914658
"unweighted","III",10.2,0.881531115678682
"unweighted","III",10.25,0.881531115678682
"unweighted","III",10.3,0.881531115678682
"unweighted","III",10.35,0.881531115678682
"unweighted","III",10.4,0.881531115678682
"unweighted","III",10.45,0.881531115678682
"unweighted","III",10.5,0.876915769523297
"unweighted","III",10.55,0.876915769523297
"unweighted","III",10.6,0.876915769523297
"unweighted","III",10.65,0.876915769523297
"unweighted","III",10.7,0.876915769523297
"unweighted","III",10.75,0.871904822268878
"unweighted","III",10.8,0.871904822268878
"unweighted","III",10.85,0.866714912612516
"unweighted","III",10.9,0.866714912612516
"unweighted","III",10.95,0.866714912612516
"unweighted","III",11,0.866714912612516
"unweighted","III",11.05,0.866714912612516
"unweighted","III",11.1,0.866714912612516
"unweighted","III",11.15,0.866714912612516
"unweighted","III",11.2,0.866714912612516
"unweighted","III",11.25,0.866714912612516
"unweighted","III",11.3,0.866714912612516
"unweighted","III",11.35,0.866714912612516
"unweighted","III",11.4,0.866714912612516
"unweighted","III",11.45,0.866714912612516
"unweighted","III",11.5,0.866714912612516
"unweighted","III",11.55,0.866714912612516
"unweighted","III",11.6,0.866714912612516
"unweighted","III",11.65,0.866714912612516
"unweighted","III",11.7,0.866714912612516
"unweighted","III",11.75,0.866714912612516
"unweighted","III",11.8,0.866714912612516
"unweighted","III",11.85,0.866714912612516
"unweighted","III",11.9,0.866714912612516
"unweighted","III",11.95,0.866714912612516
"unweighted","III",12,0.866714912612516
"weighted","III",0,1
"weighted","III",0.05,1
"weighted","III",0.1,1
"weighted","III",0.15,1
"weighted","III",0.2,1
"weighted","III",0.25,0.999761223075891
"weighted","III",0.3,0.999761223075891
"weighted","III",0.35,0.999761223075891
"weighted","III",0.4,0.999761223075891
"weighted","III",0.45,0.999425509564402
"weighted","III",0.5,0.999425509564402
"weighted","III",0.55,0.999425509564402
"weighted","III",0.6,0.999425509564402
"weighted","III",0.65,0.999425509564402
"weighted","III",0.7,0.999425509564402
"weighted","III",0.75,0.999425509564402
"weighted","III",0.8,0.999425509564402
"weighted","III",0.85,0.999425509564402
"weighted","III",0.9,0.999425509564402
"weighted","III",0.95,0.999425509564402
"weighted","III",1,0.999425509564402
"weighted","III",1.05,0.999425509564402
"weighted","III",1.1,0.997318522890082
"weighted","III",1.15,0.997318522890082
"weighted","III",1.2,0.996366927315641
"weighted","III",1.25,0.996366927315641
"weighted","III",1.3,0.996366927315641
"weighted","III",1.35,0.996366927315641
"weighted","III",1.4,0.996366927315641
"weighted","III",1.45,0.995890706317944
"weighted","III",1.5,0.995469208780088
"weighted","III",1.55,0.995469208780088
"weighted","III",1.6,0.995469208780088
"weighted","III",1.65,0.995469208780088
"weighted","III",1.7,0.993477648447036
"weighted","III",1.75,0.993477648447036
"weighted","III",1.8,0.993477648447036
"weighted","III",1.85,0.991669122889358
"weighted","III",1.9,0.991669122889358
"weighted","III",1.95,0.991669122889358
"weighted","III",2,0.988767900955207
"weighted","III",2.05,0.988767900955207
"weighted","III",2.1,0.988767900955207
"weighted","III",2.15,0.988767900955207
"weighted","III",2.2,0.988767900955207
"weighted","III",2.25,0.988093701115162
"weighted","III",2.3,0.988093701115162
"weighted","III",2.35,0.987252266540005
"weighted","III",2.4,0.987252266540005
"weighted","III",2.45,0.987252266540005
"weighted","III",2.5,0.986912546819293
"weighted","III",2.55,0.986912546819293
"weighted","III",2.6,0.986912546819293
"weighted","III",2.65,0.986912546819293
"weighted","III",2.7,0.986912546819293
"weighted","III",2.75,0.986912546819293
"weighted","III",2.8,0.986912546819293
"weighted","III",2.85,0.986912546819293
"weighted","III",2.9,0.986912546819293
"weighted","III",2.95,0.986912546819293
"weighted","III",3,0.98665655829061
"weighted","III",3.05,0.98665655829061
"weighted","III",3.1,0.9850353889199
"weighted","III",3.15,0.9850353889199
"weighted","III",3.2,0.9850353889199
"weighted","III",3.25,0.984743974008452
"weighted","III",3.3,0.984743974008452
"weighted","III",3.35,0.984743974008452
"weighted","III",3.4,0.984743974008452
"weighted","III",3.45,0.984087134021928
"weighted","III",3.5,0.984087134021928
"weighted","III",3.55,0.984087134021928
"weighted","III",3.6,0.981939991805048
"weighted","III",3.65,0.981939991805048
"weighted","III",3.7,0.981939991805048
"weighted","III",3.75,0.981939991805048
"weighted","III",3.8,0.981939991805048
"weighted","III",3.85,0.981588633236968
"weighted","III",3.9,0.981588633236968
"weighted","III",3.95,0.981588633236968
"weighted","III",4,0.980722924948056
"weighted","III",4.05,0.980722924948056
"weighted","III",4.1,0.978989285239409
"weighted","III",4.15,0.978989285239409
"weighted","III",4.2,0.974413204270603
"weighted","III",4.25,0.973235040204902
"weighted","III",4.3,0.973235040204902
"weighted","III",4.35,0.972397684377266
"weighted","III",4.4,0.972397684377266
"weighted","III",4.45,0.971738464379344
"weighted","III",4.5,0.970533166524192
"weighted","III",4.55,0.970533166524192
"weighted","III",4.6,0.969986691996361
"weighted","III",4.65,0.969986691996361
"weighted","III",4.7,0.969986691996361
"weighted","III",4.75,0.969986691996361
"weighted","III",4.8,0.969986691996361
"weighted","III",4.85,0.969986691996361
"weighted","III",4.9,0.969986691996361
"weighted","III",4.95,0.964677618638297
"weighted","III",5,0.963972557224617
"weighted","III",5.05,0.963972557224617
"weighted","III",5.1,0.96091893280769
"weighted","III",5.15,0.96091893280769
"weighted","III",5.2,0.96091893280769
"weighted","III",5.25,0.96091893280769
"weighted","III",5.3,0.96091893280769
"weighted","III",5.35,0.96091893280769
"weighted","III",5.4,0.96091893280769
"weighted","III",5.45,0.959999952015344
"weighted","III",5.5,0.959785279539294
"weighted","III",5.55,0.959785279539294
"weighted","III",5.6,0.959785279539294
"weighted","III",5.65,0.959785279539294
"weighted","III",5.7,0.959785279539294
"weighted","III",5.75,0.958096384681555
"weighted","III",5.8,0.958096384681555
"weighted","III",5.85,0.955304390126476
"weighted","III",5.9,0.955304390126476
"weighted","III",5.95,0.955304390126476
"weighted","III",6,0.955304390126476
"weighted","III",6.05,0.955304390126476
"weighted","III",6.1,0.952804943329771
"weighted","III",6.15,0.952804943329771
"weighted","III",6.2,0.951852606210441
"weighted","III",6.25,0.951852606210441
"weighted","III",6.3,0.951852606210441
"weighted","III",6.35,0.951852606210441
"weighted","III",6.4,0.951852606210441
"weighted","III",6.45,0.951852606210441
"weighted","III",6.5,0.951852606210441
"weighted","III",6.55,0.951852606210441
"weighted","III",6.6,0.951481370420034
"weighted","III",6.65,0.951481370420034
"weighted","III",6.7,0.951481370420034
"weighted","III",6.75,0.951481370420034
"weighted","III",6.8,0.951481370420034
"weighted","III",6.85,0.951481370420034
"weighted","III",6.9,0.951481370420034
"weighted","III",6.95,0.947480905232821
"weighted","III",7,0.947480905232821
"weighted","III",7.05,0.947480905232821
"weighted","III",7.1,0.947480905232821
"weighted","III",7.15,0.947480905232821
"weighted","III",7.2,0.946322908250408
"weighted","III",7.25,0.943875528065773
"weighted","III",7.3,0.943875528065773
"weighted","III",7.35,0.943875528065773
"weighted","III",7.4,0.943875528065773
"weighted","III",7.45,0.943875528065773
"weighted","III",7.5,0.943875528065773
"weighted","III",7.55,0.943875528065773
"weighted","III",7.6,0.943875528065773
"weighted","III",7.65,0.943875528065773
"weighted","III",7.7,0.943875528065773
"weighted","III",7.75,0.943875528065773
"weighted","III",7.8,0.943875528065773
"weighted","III",7.85,0.938203651776917
"weighted","III",7.9,0.938203651776917
"weighted","III",7.95,0.938203651776917
"weighted","III",8,0.938203651776917
"weighted","III",8.05,0.938203651776917
"weighted","III",8.1,0.938203651776917
"weighted","III",8.15,0.938203651776917
"weighted","III",8.2,0.937280874587606
"weighted","III",8.25,0.937280874587606
"weighted","III",8.3,0.937280874587606
"weighted","III",8.35,0.935787905013646
"weighted","III",8.4,0.935787905013646
"weighted","III",8.45,0.933395010657182
"weighted","III",8.5,0.930906185764842
"weighted","III",8.55,0.930906185764842
"weighted","III",8.6,0.930906185764842
"weighted","III",8.65,0.930906185764842
"weighted","III",8.7,0.930348131261674
"weighted","III",8.75,0.930348131261674
"weighted","III",8.8,0.930348131261674
"weighted","III",8.85,0.930348131261674
"weighted","III",8.9,0.930348131261674
"weighted","III",8.95,0.927807356403856
"weighted","III",9,0.927807356403856
"weighted","III",9.05,0.927807356403856
"weighted","III",9.1,0.927807356403856
"weighted","III",9.15,0.927807356403856
"weighted","III",9.2,0.927807356403856
"weighted","III",9.25,0.927807356403856
"weighted","III",9.3,0.927807356403856
"weighted","III",9.35,0.927807356403856
"weighted","III",9.4,0.927807356403856
"weighted","III",9.45,0.927807356403856
"weighted","III",9.5,0.927807356403856
"weighted","III",9.55,0.927807356403856
"weighted","III",9.6,0.927807356403856
"weighted","III",9.65,0.927807356403856
"weighted","III",9.7,0.926942782565306
"weighted","III",9.75,0.926942782565306
"weighted","III",9.8,0.926942782565306
"weighted","III",9.85,0.926942782565306
"weighted","III",9.9,0.926942782565306
"weighted","III",9.95,0.926942782565306
"weighted","III",10,0.926942782565306
"weighted","III",10.05,0.926942782565306
"weighted","III",10.1,0.925610047616189
"weighted","III",10.15,0.925610047616189
"weighted","III",10.2,0.924310769868877
"weighted","III",10.25,0.924310769868877
"weighted","III",10.3,0.924310769868877
"weighted","III",10.35,0.924310769868877
"weighted","III",10.4,0.924310769868877
"weighted","III",10.45,0.924310769868877
"weighted","III",10.5,0.911931211223026
"weighted","III",10.55,0.911931211223026
"weighted","III",10.6,0.911931211223026
"weighted","III",10.65,0.911931211223026
"weighted","III",10.7,0.911931211223026
"weighted","III",10.75,0.909012402391843
"weighted","III",10.8,0.909012402391843
"weighted","III",10.85,0.908279962866254
"weighted","III",10.9,0.908279962866254
"weighted","III",10.95,0.908279962866254
"weighted","III",11,0.908279962866254
"weighted","III",11.05,0.908279962866254
"weighted","III",11.1,0.908279962866254
"weighted","III",11.15,0.908279962866254
"weighted","III",11.2,0.908279962866254
"weighted","III",11.25,0.908279962866254
"weighted","III",11.3,0.908279962866254
"weighted","III",11.35,0.908279962866254
"weighted","III",11.4,0.908279962866254
"weighted","III",11.45,0.908279962866254
"weighted","III",11.5,0.908279962866254
"weighted","III",11.55,0.908279962866254
"weighted","III",11.6,0.908279962866254
"weighted","III",11.65,0.908279962866254
"weighted","III",11.7,0.908279962866254
"weighted","III",11.75,0.908279962866254
"weighted","III",11.8,0.908279962866254
"weighted","III",11.85,0.908279962866254
"weighted","III",11.9,0.908279962866254
"weighted","III",11.95,0.908279962866254
"weighted","III",12,0.908279962866254
"unweighted","IV",0,1
"unweighted","IV",0.05,1
"unweighted","IV",0.1,0.998211091234347
"unweighted","IV",0.15,0.998211091234347
"unweighted","IV",0.2,0.998211091234347
"unweighted","IV",0.25,0.998211091234347
"unweighted","IV",0.3,0.998211091234347
"unweighted","IV",0.35,0.998211091234347
"unweighted","IV",0.4,0.998211091234347
"unweighted","IV",0.45,0.998211091234347
"unweighted","IV",0.5,0.998211091234347
"unweighted","IV",0.55,0.998211091234347
"unweighted","IV",0.6,0.991055456171735
"unweighted","IV",0.65,0.991055456171735
"unweighted","IV",0.7,0.991055456171735
"unweighted","IV",0.75,0.989266547406082
"unweighted","IV",0.8,0.989266547406082
"unweighted","IV",0.85,0.989266547406082
"unweighted","IV",0.9,0.989266547406082
"unweighted","IV",0.95,0.989266547406082
"unweighted","IV",1,0.985682248321278
"unweighted","IV",1.05,0.985682248321278
"unweighted","IV",1.1,0.985682248321278
"unweighted","IV",1.15,0.985682248321278
"unweighted","IV",1.2,0.983873657039954
"unweighted","IV",1.25,0.976625968958629
"unweighted","IV",1.3,0.976625968958629
"unweighted","IV",1.35,0.976625968958629
"unweighted","IV",1.4,0.976625968958629
"unweighted","IV",1.45,0.97113930621167
"unweighted","IV",1.5,0.97113930621167
"unweighted","IV",1.55,0.97113930621167
"unweighted","IV",1.6,0.97113930621167
"unweighted","IV",1.65,0.97113930621167
"unweighted","IV",1.7,0.97113930621167
"unweighted","IV",1.75,0.969264519906242
"unweighted","IV",1.8,0.969264519906242
"unweighted","IV",1.85,0.967375115384008
"unweighted","IV",1.9,0.967375115384008
"unweighted","IV",1.95,0.967375115384008
"unweighted","IV",2,0.965459521096119
"unweighted","IV",2.05,0.965459521096119
"unweighted","IV",2.1,0.963532456183751
"unweighted","IV",2.15,0.963532456183751
"unweighted","IV",2.2,0.959623602406129
"unweighted","IV",2.25,0.957661181951311
"unweighted","IV",2.3,0.957661181951311
"unweighted","IV",2.35,0.957661181951311
"unweighted","IV",2.4,0.957661181951311
"unweighted","IV",2.45,0.953645831083591
"unweighted","IV",2.5,0.953645831083591
"unweighted","IV",2.55,0.953645831083591
"unweighted","IV",2.6,0.953645831083591
"unweighted","IV",2.65,0.953645831083591
"unweighted","IV",2.7,0.951608126316318
"unweighted","IV",2.75,0.949548368467149
"unweighted","IV",2.8,0.949548368467149
"unweighted","IV",2.85,0.949548368467149
"unweighted","IV",2.9,0.949548368467149
"unweighted","IV",2.95,0.947461448976012
"unweighted","IV",3,0.947461448976012
"unweighted","IV",3.05,0.947461448976012
"unweighted","IV",3.1,0.945346579670262
"unweighted","IV",3.15,0.945346579670262
"unweighted","IV",3.2,0.945346579670262
"unweighted","IV",3.25,0.945346579670262
"unweighted","IV",3.3,0.945346579670262
"unweighted","IV",3.35,0.943153200135064
"unweighted","IV",3.4,0.943153200135064
"unweighted","IV",3.45,0.93870436428537
"unweighted","IV",3.5,0.934212955843814
"unweighted","IV",3.55,0.934212955843814
"unweighted","IV",3.6,0.929721547402257
"unweighted","IV",3.65,0.929721547402257
"unweighted","IV",3.7,0.929721547402257
"unweighted","IV",3.75,0.927431592852005
"unweighted","IV",3.8,0.927431592852005
"unweighted","IV",3.85,0.927431592852005
"unweighted","IV",3.9,0.927431592852005
"unweighted","IV",3.95,0.920423293661687
"unweighted","IV",4,0.913379237842848
"unweighted","IV",4.05,0.913379237842848
"unweighted","IV",4.1,0.911012970387296
"unweighted","IV",4.15,0.911012970387296
"unweighted","IV",4.2,0.911012970387296
"unweighted","IV",4.25,0.911012970387296
"unweighted","IV",4.3,0.911012970387296
"unweighted","IV",4.35,0.908577106830111
"unweighted","IV",4.4,0.908577106830111
"unweighted","IV",4.45,0.903679117035879
"unweighted","IV",4.5,0.901216776117525
"unweighted","IV",4.55,0.901216776117525
"unweighted","IV",4.6,0.898734085274226
"unweighted","IV",4.65,0.898734085274226
"unweighted","IV",4.7,0.89623760170402
"unweighted","IV",4.75,0.893705857066438
"unweighted","IV",4.8,0.893705857066438
"unweighted","IV",4.85,0.891174112428856
"unweighted","IV",4.9,0.891174112428856
"unweighted","IV",4.95,0.888613267278198
"unweighted","IV",5,0.888613267278198
"unweighted","IV",5.05,0.888613267278198
"unweighted","IV",5.1,0.886037576648406
"unweighted","IV",5.15,0.886037576648406
"unweighted","IV",5.2,0.886037576648406
"unweighted","IV",5.25,0.883400560051238
"unweighted","IV",5.3,0.883400560051238
"unweighted","IV",5.35,0.883400560051238
"unweighted","IV",5.4,0.883400560051238
"unweighted","IV",5.45,0.872725024582341
"unweighted","IV",5.5,0.870023089521715
"unweighted","IV",5.55,0.870023089521715
"unweighted","IV",5.6,0.870023089521715
"unweighted","IV",5.65,0.870023089521715
"unweighted","IV",5.7,0.870023089521715
"unweighted","IV",5.75,0.870023089521715
"unweighted","IV",5.8,0.870023089521715
"unweighted","IV",5.85,0.870023089521715
"unweighted","IV",5.9,0.870023089521715
"unweighted","IV",5.95,0.870023089521715
"unweighted","IV",6,0.867113313302579
"unweighted","IV",6.05,0.867113313302579
"unweighted","IV",6.1,0.867113313302579
"unweighted","IV",6.15,0.867113313302579
"unweighted","IV",6.2,0.861254439564048
"unweighted","IV",6.25,0.855375569669413
"unweighted","IV",6.3,0.855375569669413
"unweighted","IV",6.35,0.852415792611733
"unweighted","IV",6.4,0.852415792611733
"unweighted","IV",6.45,0.852415792611733
"unweighted","IV",6.5,0.849382284452972
"unweighted","IV",6.55,0.849382284452972
"unweighted","IV",6.6,0.846337903505112
"unweighted","IV",6.65,0.846337903505112
"unweighted","IV",6.7,0.837105126375965
"unweighted","IV",6.75,0.837105126375965
"unweighted","IV",6.8,0.837105126375965
"unweighted","IV",6.85,0.830787351837279
"unweighted","IV",6.9,0.830787351837279
"unweighted","IV",6.95,0.827554716227017
"unweighted","IV",7,0.827554716227017
"unweighted","IV",7.05,0.827554716227017
"unweighted","IV",7.1,0.824270768940402
"unweighted","IV",7.15,0.824270768940402
"unweighted","IV",7.2,0.824270768940402
"unweighted","IV",7.25,0.824270768940402
"unweighted","IV",7.3,0.824270768940402
"unweighted","IV",7.35,0.820864691382797
"unweighted","IV",7.4,0.820864691382797
"unweighted","IV",7.45,0.817415680074466
"unweighted","IV",7.5,0.817415680074466
"unweighted","IV",7.55,0.817415680074466
"unweighted","IV",7.6,0.813907458271571
"unweighted","IV",7.65,0.813907458271571
"unweighted","IV",7.7,0.810384049361305
"unweighted","IV",7.75,0.806829733355334
"unweighted","IV",7.8,0.806829733355334
"unweighted","IV",7.85,0.803275417349363
"unweighted","IV",7.9,0.803275417349363
"unweighted","IV",7.95,0.803275417349363
"unweighted","IV",8,0.803275417349363
"unweighted","IV",8.05,0.803275417349363
"unweighted","IV",8.1,0.803275417349363
"unweighted","IV",8.15,0.803275417349363
"unweighted","IV",8.2,0.803275417349363
"unweighted","IV",8.25,0.799521793903806
"unweighted","IV",8.3,0.799521793903806
"unweighted","IV",8.35,0.795768170458248
"unweighted","IV",8.4,0.795768170458248
"unweighted","IV",8.45,0.795768170458248
"unweighted","IV",8.5,0.787928089961122
"unweighted","IV",8.55,0.787928089961122
"unweighted","IV",8.6,0.787928089961122
"unweighted","IV",8.65,0.787928089961122
"unweighted","IV",8.7,0.779805119961523
"unweighted","IV",8.75,0.77565722038726
"unweighted","IV",8.8,0.77565722038726
"unweighted","IV",8.85,0.771487020277651
"unweighted","IV",8.9,0.771487020277651
"unweighted","IV",8.95,0.767248080605796
"unweighted","IV",9,0.767248080605796
"unweighted","IV",9.05,0.767248080605796
"unweighted","IV",9.1,0.767248080605796
"unweighted","IV",9.15,0.767248080605796
"unweighted","IV",9.2,0.767248080605796
"unweighted","IV",9.25,0.767248080605796
"unweighted","IV",9.3,0.767248080605796
"unweighted","IV",9.35,0.767248080605796
"unweighted","IV",9.4,0.767248080605796
"unweighted","IV",9.45,0.767248080605796
"unweighted","IV",9.5,0.767248080605796
"unweighted","IV",9.55,0.767248080605796
"unweighted","IV",9.6,0.767248080605796
"unweighted","IV",9.65,0.767248080605796
"unweighted","IV",9.7,0.762133093401757
"unweighted","IV",9.75,0.756913003720923
"unweighted","IV",9.8,0.756913003720923
"unweighted","IV",9.85,0.756913003720923
"unweighted","IV",9.9,0.756913003720923
"unweighted","IV",9.95,0.756913003720923
"unweighted","IV",10,0.751428126882366
"unweighted","IV",10.05,0.751428126882366
"unweighted","IV",10.1,0.751428126882366
"unweighted","IV",10.15,0.751428126882366
"unweighted","IV",10.2,0.751428126882366
"unweighted","IV",10.25,0.751428126882366
"unweighted","IV",10.3,0.751428126882366
"unweighted","IV",10.35,0.745268879940707
"unweighted","IV",10.4,0.745268879940707
"unweighted","IV",10.45,0.745268879940707
"unweighted","IV",10.5,0.745268879940707
"unweighted","IV",10.55,0.745268879940707
"unweighted","IV",10.6,0.738554745887187
"unweighted","IV",10.65,0.738554745887187
"unweighted","IV",10.7,0.731587248284478
"unweighted","IV",10.75,0.724271375801633
"unweighted","IV",10.8,0.724271375801633
"unweighted","IV",10.85,0.716726882303699
"unweighted","IV",10.9,0.716726882303699
"unweighted","IV",10.95,0.716726882303699
"unweighted","IV",11,0.716726882303699
"unweighted","IV",11.05,0.716726882303699
"unweighted","IV",11.1,0.716726882303699
"unweighted","IV",11.15,0.716726882303699
"unweighted","IV",11.2,0.716726882303699
"unweighted","IV",11.25,0.716726882303699
"unweighted","IV",11.3,0.716726882303699
"unweighted","IV",11.35,0.716726882303699
"unweighted","IV",11.4,0.716726882303699
"unweighted","IV",11.45,0.716726882303699
"unweighted","IV",11.5,0.716726882303699
"unweighted","IV",11.55,0.716726882303699
"unweighted","IV",11.6,0.716726882303699
"unweighted","IV",11.65,0.716726882303699
"unweighted","IV",11.7,0.716726882303699
"unweighted","IV",11.75,0.716726882303699
"unweighted","IV",11.8,0.716726882303699
"unweighted","IV",11.85,0.700437634978615
"unweighted","IV",11.9,0.700437634978615
"unweighted","IV",11.95,0.683760548431505
"unweighted","IV",12,0.683760548431505
"weighted","IV",0,1
"weighted","IV",0.05,1
"weighted","IV",0.1,0.99960520357115
"weighted","IV",0.15,0.99960520357115
"weighted","IV",0.2,0.99960520357115
"weighted","IV",0.25,0.99960520357115
"weighted","IV",0.3,0.99960520357115
"weighted","IV",0.35,0.99960520357115
"weighted","IV",0.4,0.99960520357115
"weighted","IV",0.45,0.99960520357115
"weighted","IV",0.5,0.99960520357115
"weighted","IV",0.55,0.99960520357115
"weighted","IV",0.6,0.995766107135938
"weighted","IV",0.65,0.995766107135938
"weighted","IV",0.7,0.995766107135938
"weighted","IV",0.75,0.994899219564901
"weighted","IV",0.8,0.994899219564901
"weighted","IV",0.85,0.994899219564901
"weighted","IV",0.9,0.994899219564901
"weighted","IV",0.95,0.994899219564901
"weighted","IV",1,0.992734772497247
"weighted","IV",1.05,0.992734772497247
"weighted","IV",1.1,0.992734772497247
"weighted","IV",1.15,0.992734772497247
"weighted","IV",1.2,0.991086589829059
"weighted","IV",1.25,0.982043865090367
"weighted","IV",1.3,0.982043865090367
"weighted","IV",1.35,0.982043865090367
"weighted","IV",1.4,0.982043865090367
"weighted","IV",1.45,0.977756023621943
"weighted","IV",1.5,0.977756023621943
"weighted","IV",1.55,0.977756023621943
"weighted","IV",1.6,0.977756023621943
"weighted","IV",1.65,0.977756023621943
"weighted","IV",1.7,0.977756023621943
"weighted","IV",1.75,0.976748314158904
"weighted","IV",1.8,0.976748314158904
"weighted","IV",1.85,0.97632176092334
"weighted","IV",1.9,0.97632176092334
"weighted","IV",1.95,0.97632176092334
"weighted","IV",2,0.97523956520935
"weighted","IV",2.05,0.97523956520935
"weighted","IV",2.1,0.973521180370871
"weighted","IV",2.15,0.973521180370871
"weighted","IV",2.2,0.970227988025931
"weighted","IV",2.25,0.966674213746337
"weighted","IV",2.3,0.966674213746337
"weighted","IV",2.35,0.966674213746337
"weighted","IV",2.4,0.966674213746337
"weighted","IV",2.45,0.963272920141292
"weighted","IV",2.5,0.963272920141292
"weighted","IV",2.55,0.963272920141292
"weighted","IV",2.6,0.963272920141292
"weighted","IV",2.65,0.963272920141292
"weighted","IV",2.7,0.96091416489914
"weighted","IV",2.75,0.959959952726567
"weighted","IV",2.8,0.959959952726567
"weighted","IV",2.85,0.959959952726567
"weighted","IV",2.9,0.959959952726567
"weighted","IV",2.95,0.957910796011599
"weighted","IV",3,0.957910796011599
"weighted","IV",3.05,0.957910796011599
"weighted","IV",3.1,0.957337788779019
"weighted","IV",3.15,0.957337788779019
"weighted","IV",3.2,0.957337788779019
"weighted","IV",3.25,0.957337788779019
"weighted","IV",3.3,0.957337788779019
"weighted","IV",3.35,0.953751906771987
"weighted","IV",3.4,0.953751906771987
"weighted","IV",3.45,0.951067571775678
"weighted","IV",3.5,0.947892139728519
"weighted","IV",3.55,0.947892139728519
"weighted","IV",3.6,0.943278304028646
"weighted","IV",3.65,0.943278304028646
"weighted","IV",3.7,0.943278304028646
"weighted","IV",3.75,0.940953591999606
"weighted","IV",3.8,0.940953591999606
"weighted","IV",3.85,0.940953591999606
"weighted","IV",3.9,0.940953591999606
"weighted","IV",3.95,0.937075755338811
"weighted","IV",4,0.925441063675144
"weighted","IV",4.05,0.925441063675144
"weighted","IV",4.1,0.924962341298568
"weighted","IV",4.15,0.924962341298568
"weighted","IV",4.2,0.924962341298568
"weighted","IV",4.25,0.924962341298568
"weighted","IV",4.3,0.924962341298568
"weighted","IV",4.35,0.919045972648655
"weighted","IV",4.4,0.919045972648655
"weighted","IV",4.45,0.915222680722993
"weighted","IV",4.5,0.913811545685687
"weighted","IV",4.55,0.913811545685687
"weighted","IV",4.6,0.907722351319633
"weighted","IV",4.65,0.907722351319633
"weighted","IV",4.7,0.906212569932726
"weighted","IV",4.75,0.903977274867265
"weighted","IV",4.8,0.903977274867265
"weighted","IV",4.85,0.903448856922618
"weighted","IV",4.9,0.903448856922618
"weighted","IV",4.95,0.90268576876542
"weighted","IV",5,0.90268576876542
"weighted","IV",5.05,0.90268576876542
"weighted","IV",5.1,0.901151787942638
"weighted","IV",5.15,0.901151787942638
"weighted","IV",5.2,0.901151787942638
"weighted","IV",5.25,0.898638906284395
"weighted","IV",5.3,0.898638906284395
"weighted","IV",5.35,0.898638906284395
"weighted","IV",5.4,0.898638906284395
"weighted","IV",5.45,0.89026718988037
"weighted","IV",5.5,0.889681948338467
"weighted","IV",5.55,0.889681948338467
"weighted","IV",5.6,0.889681948338467
"weighted","IV",5.65,0.889681948338467
"weighted","IV",5.7,0.889681948338467
"weighted","IV",5.75,0.889681948338467
"weighted","IV",5.8,0.889681948338467
"weighted","IV",5.85,0.889681948338467
"weighted","IV",5.9,0.889681948338467
"weighted","IV",5.95,0.889681948338467
"weighted","IV",6,0.886824017305143
"weighted","IV",6.05,0.886824017305143
"weighted","IV",6.1,0.886824017305143
"weighted","IV",6.15,0.886824017305143
"weighted","IV",6.2,0.882301845562377
"weighted","IV",6.25,0.876404994978705
"weighted","IV",6.3,0.876404994978705
"weighted","IV",6.35,0.875317087776867
"weighted","IV",6.4,0.875317087776867
"weighted","IV",6.45,0.875317087776867
"weighted","IV",6.5,0.873225325057565
"weighted","IV",6.55,0.873225325057565
"weighted","IV",6.6,0.867703656193685
"weighted","IV",6.65,0.867703656193685
"weighted","IV",6.7,0.860244234275314
"weighted","IV",6.75,0.860244234275314
"weighted","IV",6.8,0.860244234275314
"weighted","IV",6.85,0.855705070305937
"weighted","IV",6.9,0.855705070305937
"weighted","IV",6.95,0.853161323873063
"weighted","IV",7,0.853161323873063
"weighted","IV",7.05,0.853161323873063
"weighted","IV",7.1,0.852102479619539
"weighted","IV",7.15,0.852102479619539
"weighted","IV",7.2,0.852102479619539
"weighted","IV",7.25,0.852102479619539
"weighted","IV",7.3,0.852102479619539
"weighted","IV",7.35,0.8509005150048
"weighted","IV",7.4,0.8509005150048
"weighted","IV",7.45,0.848078326670919
"weighted","IV",7.5,0.848078326670919
"weighted","IV",7.55,0.848078326670919
"weighted","IV",7.6,0.841678411763302
"weighted","IV",7.65,0.841678411763302
"weighted","IV",7.7,0.839335772899728
"weighted","IV",7.75,0.834245717602493
"weighted","IV",7.8,0.834245717602493
"weighted","IV",7.85,0.829260336291112
"weighted","IV",7.9,0.829260336291112
"weighted","IV",7.95,0.829260336291112
"weighted","IV",8,0.829260336291112
"weighted","IV",8.05,0.829260336291112
"weighted","IV",8.1,0.829260336291112
"weighted","IV",8.15,0.829260336291112
"weighted","IV",8.2,0.829260336291112
"weighted","IV",8.25,0.825557183600652
"weighted","IV",8.3,0.825557183600652
"weighted","IV",8.35,0.822851784267974
"weighted","IV",8.4,0.822851784267974
"weighted","IV",8.45,0.822851784267974
"weighted","IV",8.5,0.815266691775892
"weighted","IV",8.55,0.815266691775892
"weighted","IV",8.6,0.815266691775892
"weighted","IV",8.65,0.815266691775892
"weighted","IV",8.7,0.809639985488921
"weighted","IV",8.75,0.805205854644491
"weighted","IV",8.8,0.805205854644491
"weighted","IV",8.85,0.801965107521761
"weighted","IV",8.9,0.801965107521761
"weighted","IV",8.95,0.800300398155583
"weighted","IV",9,0.800300398155583
"weighted","IV",9.05,0.800300398155583
"weighted","IV",9.1,0.800300398155583
"weighted","IV",9.15,0.800300398155583
"weighted","IV",9.2,0.800300398155583
"weighted","IV",9.25,0.800300398155583
"weighted","IV",9.3,0.800300398155583
"weighted","IV",9.35,0.800300398155583
"weighted","IV",9.4,0.800300398155583
"weighted","IV",9.45,0.800300398155583
"weighted","IV",9.5,0.800300398155583
"weighted","IV",9.55,0.800300398155583
"weighted","IV",9.6,0.800300398155583
"weighted","IV",9.65,0.800300398155583
"weighted","IV",9.7,0.790079615787526
"weighted","IV",9.75,0.785156926044407
"weighted","IV",9.8,0.785156926044407
"weighted","IV",9.85,0.785156926044407
"weighted","IV",9.9,0.785156926044407
"weighted","IV",9.95,0.785156926044407
"weighted","IV",10,0.781967809079501
"weighted","IV",10.05,0.781967809079501
"weighted","IV",10.1,0.781967809079501
"weighted","IV",10.15,0.781967809079501
"weighted","IV",10.2,0.781967809079501
"weighted","IV",10.25,0.781967809079501
"weighted","IV",10.3,0.781967809079501
"weighted","IV",10.35,0.776308696403029
"weighted","IV",10.4,0.776308696403029
"weighted","IV",10.45,0.776308696403029
"weighted","IV",10.5,0.776308696403029
"weighted","IV",10.55,0.776308696403029
"weighted","IV",10.6,0.770606507505996
"weighted","IV",10.65,0.770606507505996
"weighted","IV",10.7,0.758530258503539
"weighted","IV",10.75,0.747478786158156
"weighted","IV",10.8,0.747478786158156
"weighted","IV",10.85,0.745558103024918
"weighted","IV",10.9,0.745558103024918
"weighted","IV",10.95,0.745558103024918
"weighted","IV",11,0.745558103024918
"weighted","IV",11.05,0.745558103024918
"weighted","IV",11.1,0.745558103024918
"weighted","IV",11.15,0.745558103024918
"weighted","IV",11.2,0.745558103024918
"weighted","IV",11.25,0.745558103024918
"weighted","IV",11.3,0.745558103024918
"weighted","IV",11.35,0.745558103024918
"weighted","IV",11.4,0.745558103024918
"weighted","IV",11.45,0.745558103024918
"weighted","IV",11.5,0.745558103024918
"weighted","IV",11.55,0.745558103024918
"weighted","IV",11.6,0.745558103024918
"weighted","IV",11.65,0.745558103024918
"weighted","IV",11.7,0.745558103024918
"weighted","IV",11.75,0.745558103024918
"weighted","IV",11.8,0.745558103024918
"weighted","IV",11.85,0.724873801431562
"weighted","IV",11.9,0.724873801431562
"weighted","IV",11.95,0.718915680473268
"weighted","IV",12,0.718915680473268
